{
    "left_arm":{
        "tabletop": [-1.2396209875689905, -2.6281658611693324, -1.0119028091430664, 5.456587779312887, -2.3149259726153772, 0.15132474899291992],
        "untucked": [-0.2028, -2.1063, -1.61, 3.7165, -0.9622, 0.0974]
    }
}